-- products 전자기기
INSERT INTO tutti_dev.products (bot_id, store_id, name, title_url, product_code, detail_url,
                                description,
                                on_sales, adult_only, max_quantity, like_count, delete_status)
VALUES (1, 1, '방탄 범퍼 젤리케이스 1+1 투명, 갤럭시S25 플러스',
        'https://shopping-phinf.pstatic.net/main_8891285/88912854074.1.jpg', 'P001', NULL,
        '갤럭시 케이스', b'1', b'0', 3, 15, b'0'),
       (2, 2, '변색없는 카드 수납 2장 케이스 투명, 갤럭시S25울트라',
        'https://shopping-phinf.pstatic.net/main_8889641/88896412873.jpg', 'P002', NULL, '갤럭시 케이스',
        b'1', b'0', 3, 1, b'0'),
       (3, 3, '풀커버 방탄 범퍼 케이스 단일색상, 갤럭시S25 울트라',
        'https://shopping-phinf.pstatic.net/main_8898769/88987694113.jpg', 'P003', NULL, '갤럭시 케이스',
        b'1', b'0', 3, 13, b'0'),
       (4, 4, '케이스 카드 2장 포켓 수납 파스텔 카메라 풀커버 실리콘 젤리 라벤더, 갤럭시S25 플러스',
        'https://shopping-phinf.pstatic.net/main_8883236/88832360690.jpg', 'P004', NULL, '갤럭시 케이스',
        b'1', b'0', 3, 9, b'0'),
       (5, 5, '풀커버 강화유리 액정보호필름 갤럭시노트20, 2매입',
        'https://shopping-phinf.pstatic.net/main_8903804/89038041158.jpg', 'P005', NULL, '액정보호필름',
        b'1', b'0', 3, 19, b'0'),
       (6, 6, '보르도 다이어리 지갑 가죽 케이스 웜브라운, 갤럭시S25울트라 (S938)',
        'https://shopping-phinf.pstatic.net/main_8893617/88936170393.1.jpg', 'P006', NULL,
        '갤럭시 케이스', b'1', b'0', 3, 15, b'0'),
       (7, 7, '프라이버시 강화유리 사생활보호필름 갤럭시S21, 2매입',
        'https://shopping-phinf.pstatic.net/main_8896097/88960973893.jpg', 'P007', NULL, '액정보호필름',
        b'1', b'0', 3, 7, b'0'),
       (8, 8, '천연소가죽 지갑 다이어리 케이스 네이비, 갤럭시A35',
        'https://shopping-phinf.pstatic.net/main_8892749/88927491017.4.jpg', 'P008', NULL,
        '갤럭시 케이스', b'1', b'0', 3, 25, b'0'),
       (9, 9, '캐논 G3910 정품 무한잉크',
        'https://shopping-phinf.pstatic.net/main_5066380/50663800618.20241004115606.jpg', 'P009',
        NULL, '잉크젯복합기', b'1', b'0', 3, 15, b'0'),
       (10, 10, '맥앤블랙 갤럭시 2배자력 맥세이프 케이스 핸드폰 범퍼 투명, 갤럭시S25 울트라',
        'https://shopping-phinf.pstatic.net/main_8890462/88904620801.1.jpg', 'P010', NULL,
        '갤럭시 케이스', b'1', b'0', 3, 2, b'0'),
       (11, 1, '쿠쿠전자 CUCKOO CRP-HVB06BS',
        'https://shopping-phinf.pstatic.net/main_2717970/27179703522.20210517181811.jpg', 'P011',
        NULL, '압력밥솥', b'1', b'0', 3, 15, b'0'),
       (12, 2, '삼성전자 갤럭시탭 S9 FE 플러스 WiFi전용, 128GB, 그레이',
        'https://shopping-phinf.pstatic.net/main_5300122/53001220696.20250214163529.jpg', 'P012',
        NULL, NULL, b'1', b'0', 3, 10, b'0'),
       (13, 3, '삼성 정품 액정보호필름 스크린 프로텍터 갤럭시 S25 울트라, 2매입',
        'https://shopping-phinf.pstatic.net/main_8891630/88916301914.2.jpg', 'P013', NULL, '액정보호필름',
        b'1', b'0', 3, 7, b'0'),
       (14, 4, '1+1 에어 범퍼 젤리 케이스 투명, 갤럭시Z 폴드4',
        'https://shopping-phinf.pstatic.net/main_8894385/88943858893.1.jpg', 'P014', NULL,
        '갤럭시 케이스', b'1', b'0', 3, 15, b'0'),
       (15, 5, '삼성전자 갤럭시탭 S9 FE WiFi전용, 128GB, 민트',
        'https://shopping-phinf.pstatic.net/main_5301765/53017656005.20250214155902.jpg', 'P015',
        NULL, NULL, b'1', b'0', 3, 3, b'0'),
       (16, 6, '프리플로우 아콘 AK74 104키 유무선 기계식 키보드 노브 LCD',
        'https://shopping-phinf.pstatic.net/main_5087580/50875801618.20241224154235.jpg', 'P016',
        NULL, '무선키보드', b'1', b'0', 3, 5, b'0'),
       (17, 7, '마그네틱 카드수납 자석 도어 범퍼 케이스 라일락퍼플 (TA), 갤럭시S23 플러스',
        'https://shopping-phinf.pstatic.net/main_8892797/88927972489.jpg', 'P017', NULL, '갤럭시 케이스',
        b'1', b'0', 3, 12, b'0'),
       (18, 8, '로마플러스 가죽 지퍼 월렛 지갑 케이스 버건디와인 (GS), 갤럭시S25 울트라',
        'https://shopping-phinf.pstatic.net/main_8891267/88912672086.jpg', 'P018', NULL, '갤럭시 케이스',
        b'1', b'0', 3, 44, b'0'),
       (19, 9, 'CUCKOO CRP-FHS1010FD',
        'https://shopping-phinf.pstatic.net/main_1573023/15730232797.20200701120545.jpg', 'P019',
        NULL, '압력밥솥', b'1', b'0', 3, 15, b'0'),
       (20, 1, '삼성전자 갤럭시 S25 울트라 5G 512GB [자급제]',
        'https://shopping-phinf.pstatic.net/main_5262883/52628834304.20250131133435.jpg', 'P020',
        NULL, NULL, b'1', b'0', 3, 3, b'0'),
       (21, 2, '삼성전자 갤럭시북4 NT750XGR-A51A 16GB, 256GB',
        'https://shopping-phinf.pstatic.net/main_5263123/52631236642.20250124094900.jpg', 'P021',
        NULL, NULL, b'1', b'0', 3, 6, b'0'),
       (22, 3, '제로웰 ZWH-500W',
        'https://shopping-phinf.pstatic.net/main_2204936/22049368287.20220817132408.jpg', 'P022',
        NULL, '자연식가습기', b'1', b'0', 3, 15, b'0'),
       (23, 4, '아이폰 16 256GB [자급제]',
        'https://shopping-phinf.pstatic.net/main_5025364/50253649619.20240910104326.jpg', 'P023',
        NULL, NULL, b'1', b'0', 3, 15, b'0'),
       (24, 5, '풀커버 곡면 액정보호 필름 갤럭시노트20 울트라, 2매입',
        'https://shopping-phinf.pstatic.net/main_8890523/88905237761.jpg', 'P024', NULL, '액정보호필름',
        b'1', b'0', 3, 15, b'0'),
       (25, 6, '삼성전자 갤럭시탭 S10 울트라 WiFi전용, 256GB, 문스톤 그레이',
        'https://shopping-phinf.pstatic.net/main_5300104/53001046807.20250213171936.jpg', 'P025',
        NULL, NULL, b'1', b'0', 3, 34, b'0'),
       (26, 7, '심플베이직 다이어리 지갑 케이스 카키, 갤럭시퀀텀5 / 갤럭시A55 공용',
        'https://shopping-phinf.pstatic.net/main_8895347/88953476654.jpg', 'P026', NULL, '갤럭시 케이스',
        b'1', b'0', 3, 5, b'0'),
       (27, 8, '삼성전자 갤럭시 버즈3 프로 SM-R630N',
        'https://shopping-phinf.pstatic.net/main_4907150/49071501620.20240712155146.jpg', 'P027',
        NULL, '블루투스이어폰/이어셋', b'1', b'0', 3, 0, b'0'),
       (28, 9, '블루문 카드 지갑 다이어리 가죽 케이스 브라운, 갤럭시S23 울트라',
        'https://shopping-phinf.pstatic.net/main_8894584/88945843102.jpg', 'P028', NULL, '갤럭시 케이스',
        b'1', b'0', 3, 8, b'0'),
       (29, 1, '삼성전자 갤럭시 버즈3 SM-R530N',
        'https://shopping-phinf.pstatic.net/main_4907144/49071446619.20240712155248.jpg', 'P029',
        NULL, '블루투스이어폰/이어셋', b'1', b'0', 3, 41, b'0'),
       (30, 2, '삼성전자 갤럭시 S24 FE 5G 256GB [자급제]',
        'https://shopping-phinf.pstatic.net/main_5056007/50560073620.20241118105359.jpg', 'P030',
        NULL, NULL, b'1', b'0', 3, 0, b'0'),
       (31, 3, '지갑 가죽 다이어리 지퍼 닉쏘 핸드폰 케이스 카키, 갤럭시S25 울트라',
        'https://shopping-phinf.pstatic.net/main_8893936/88939363522.jpg', 'P031', NULL, '갤럭시 케이스',
        b'1', b'0', 3, 0, b'0'),
       (32, 4, '아이폰 16 128GB [자급제]',
        'https://shopping-phinf.pstatic.net/main_5023842/50238421618.20240910101919.jpg', 'P032',
        NULL, NULL, b'1', b'0', 3, 15, b'0'),
       (33, 5, '엠비에프 HDMI V2.0 골드 케이블 1.5m, 1개',
        'https://shopping-phinf.pstatic.net/main_5250393/52503936942.20250115102852.jpg', 'P033',
        NULL, 'HDMI케이블', b'1', b'0', 3, 5, b'0'),
       (34, 6, '삼성전자 갤럭시 S25 5G 256GB [자급제]',
        'https://shopping-phinf.pstatic.net/main_5262874/52628743819.20250131111032.jpg', 'P034',
        NULL, NULL, b'1', b'0', 3, 10, b'0'),
       (35, 7, '변색적은 카드 수납 범퍼 케이스 투명, 갤럭시S25',
        'https://shopping-phinf.pstatic.net/main_8894551/88945517572.jpg', 'P035', NULL, '갤럭시 케이스',
        b'1', b'0', 3, 15, b'0'),
       (36, 8, '소니 플레이스테이션 PS5 프로',
        'https://shopping-phinf.pstatic.net/main_5099605/50996057619.20241107144911.jpg', 'P036',
        NULL, NULL, b'1', b'0', 3, 15, b'0'),
       (37, 9, '케어메디 아이오랩 아이화이트 가습기',
        'https://shopping-phinf.pstatic.net/main_3567427/35674274618.20221107161834.jpg', 'P037',
        NULL, '초음파식가습기', b'1', b'0', 3, 14, b'0'),
       (38, 1, '아이폰 16 프로 256GB [자급제]',
        'https://shopping-phinf.pstatic.net/main_5025360/50253608620.20240910110137.jpg', 'P038',
        NULL, NULL, b'1', b'0', 3, 25, b'0'),
       (39, 2, '삼성 정품 클리어 케이스 커버 투명, 갤럭시 A16',
        'https://shopping-phinf.pstatic.net/main_8887803/88878030775.jpg', 'P039', NULL, '갤럭시 케이스',
        b'1', b'0', 3, 1, b'0'),
       (40, 3, '삼성전자 갤럭시 S25 5G 512GB [자급제]',
        'https://shopping-phinf.pstatic.net/main_5262874/52628743954.20250220111235.jpg', 'P040',
        NULL, NULL, b'1', b'0', 3, 3, b'0'),
       (41, 4, '생폰 맥세이프 플러스 슬림 케이스 투명, 갤럭시 Z플립3',
        'https://shopping-phinf.pstatic.net/main_8900290/89002900454.jpg', 'P041', NULL, '갤럭시 케이스',
        b'1', b'0', 3, 7, b'0'),
       (42, 5, '삼성전자 갤럭시 A16 LTE 128GB [자급제]',
        'https://shopping-phinf.pstatic.net/main_5167050/51670507619.20241216111935.jpg', 'P042',
        NULL, NULL, b'1', b'0', 3, 8, b'0'),
       (43, 6, '삼성전자 갤럭시탭 S10 플러스 WiFi전용, 256GB, 문스톤 그레이',
        'https://shopping-phinf.pstatic.net/main_5300054/53000544962.20250217123049.jpg', 'P043',
        NULL, NULL, b'1', b'0', 3, 0, b'0'),
       (44, 7, 'Apple 아이패드 10세대 WIFI 64G 실버 (MPQ03KH/A)',
        'https://shopping-phinf.pstatic.net/main_3532286/35322861618.20221118114143.jpg', 'P044',
        NULL, NULL, b'1', b'0', 3, 15, b'0'),
       (45, 8, '아이폰 16 프로 128GB [자급제]',
        'https://shopping-phinf.pstatic.net/main_5023819/50238193620.20240910111036.jpg', 'P045',
        NULL, NULL, b'1', b'0', 3, 44, b'0'),
       (46, 9, 'Apple 에어팟 프로 2세대 (USB-C)',
        'https://shopping-phinf.pstatic.net/main_4262072/42620727618.20230913151851.jpg', 'P046',
        NULL, '블루투스이어폰/이어셋', b'1', b'0', 34, 37, b'0'),
       (47, 1, 'Apple 아이패드 에어 11 6세대 M2 스페이스그레이, 128GB, WiFi전용',
        'https://shopping-phinf.pstatic.net/main_5287314/52873143925.20250207163914.jpg', 'P047',
        NULL, NULL, b'1', b'0', 3, 1, b'0'),
       (48, 2, '링케 퓨전 마그네틱 맥세이프 투명 케이스 클리어, 갤럭시S25 울트라',
        'https://shopping-phinf.pstatic.net/main_8890203/88902039530.2.jpg', 'P048', NULL,
        '갤럭시 케이스', b'1', b'0', 5, 29, b'0'),
       (49, 3, '소니 WH-1000XM5',
        'https://shopping-phinf.pstatic.net/main_3248429/32484298620.20240417153038.jpg', 'P049',
        NULL, '블루투스헤드폰/헤드셋', b'1', b'0', 3, 15, b'0'),
       (50, 4, '마이크로소프트 윈도우 Windows 11 Home 처음사용자용 한글',
        'https://shopping-phinf.pstatic.net/main_5227033/52270336624.20250103163002.jpg', 'P050',
        NULL, NULL, b'1', b'0', 3, 14, b'0'),
       (51, 5, '오후엔 OF-5000',
        'https://shopping-phinf.pstatic.net/main_5051835/50518357619.20241220100102.jpg', 'P051',
        NULL, NULL, b'1', b'0', 3, 20, b'0'),
       (52, 6, '마샬 Acton3',
        'https://shopping-phinf.pstatic.net/main_3849819/38498196618.20230308101821.jpg', 'P052',
        NULL, '블루투스스피커', b'1', b'0', 3, 9, b'0'),
       (53, 7, '삼성전자 갤럭시북5 프로 NT940XHA-K51A',
        'https://shopping-phinf.pstatic.net/main_5225015/52250151618.20250110133314.jpg', 'P053',
        NULL, NULL, b'1', b'0', 3, 33, b'0'),
       (54, 8, '리코 GR III 카메라',
        'https://shopping-phinf.pstatic.net/main_1948968/19489685193.20200814172216.jpg', 'P054',
        NULL, NULL, b'1', b'0', 3, 15, b'0'),
       (55, 9, '캐논 G2910 빌트인 정품 무한잉크',
        'https://shopping-phinf.pstatic.net/main_1359672/13596728207.20180221091159.jpg', 'P055',
        NULL, '잉크젯복합기', b'1', b'0', 3, 2, b'0'),
       (56, 1, '샌디스크 Ultra Dual Go Type-C 256GB',
        'https://shopping-phinf.pstatic.net/main_5192901/51929012997.20241213202523.jpg', 'P056',
        NULL, NULL, b'1', b'0', 3, 1, b'0'),
       (57, 2, '2025 LG 그램 15 인텔 i5 16GB 256GB 가벼운 대학생 포토샵 노트북',
        'https://shopping-phinf.pstatic.net/main_8629110/86291109390.25.jpg', 'P057', NULL, NULL,
        b'1', b'0', 3, 1, b'0'),
       (58, 3, '방탄 범퍼 젤리케이스 1+1 투명, 아이폰13 프로',
        'https://shopping-phinf.pstatic.net/main_8891318/88913183280.jpg', 'P058', NULL, '아이폰 케이스',
        b'1', b'0', 3, 15, b'0'),
       (59, 4, '삼성전자 갤럭시 버즈2 프로 SM-R510',
        'https://shopping-phinf.pstatic.net/main_3410810/34108100618.20220816172630.jpg', 'P059',
        NULL, '블루투스이어폰/이어셋', b'1', b'0', 3, 0, b'0'),
       (60, 5, '미아크 MIDK-01 노트북 거치대',
        'https://shopping-phinf.pstatic.net/main_3451136/34511365618.20220928124228.jpg', 'P060',
        NULL, NULL, b'1', b'0', 3, 15, b'0'),
       (61, 6, '삼성전자 갤럭시 Z 플립6 5G 256GB [자급제]',
        'https://shopping-phinf.pstatic.net/main_4907036/49070369618.20240712151155.jpg', 'P061',
        NULL, NULL, b'1', b'0', 3, 0, b'0'),
       (62, 7, '소니 WH-1000XM4',
        'https://shopping-phinf.pstatic.net/main_2380960/23809601528.20220106123038.jpg', 'P062',
        NULL, '블루투스헤드폰/헤드셋', b'1', b'0', 3, 15, b'0'),
       (63, 8, '로랜텍 강화유리 사생활 프라이버시 액정보호필름 갤럭시S25 울트라, 2매입',
        'https://shopping-phinf.pstatic.net/main_5246704/52467042831.20250219232640.jpg', 'P063',
        NULL, '액정보호필름', b'1', b'0', 3, 0, b'0'),
       (64, 9, '에어쿠션 젤리 범퍼 케이스 1+1 투명, 갤럭시 Z폴드4',
        'https://shopping-phinf.pstatic.net/main_8904631/89046311977.jpg', 'P064', NULL, '갤럭시 케이스',
        b'1', b'0', 3, 25, b'0'),
       (65, 1, '(혜택가 77만) LG 스탠바이미 스마트 터치스크린 이동식 TV 스탠드거치대',
        'https://shopping-phinf.pstatic.net/main_8641760/86417608300.68.jpg', 'P065', NULL, 'LEDTV',
        b'1', b'0', 3, 10, b'0'),
       (66, 2, '삼성전자 갤럭시 S24 5G 256GB [자급제]',
        'https://shopping-phinf.pstatic.net/main_4532149/45321496618.20240409175329.jpg', 'P066',
        NULL, NULL, b'1', b'0', 3, 0, b'0'),
       (67, 3, '변색없는 초슬림 울트라 케이스 시그니처6 반투명, 갤럭시S24',
        'https://shopping-phinf.pstatic.net/main_8887896/88878963054.jpg', 'P067', NULL, '갤럭시 케이스',
        b'1', b'0', 3, 9, b'0'),
       (68, 4, '마이크로소프트 오피스 Office 2021 Home &amp; Student',
        'https://shopping-phinf.pstatic.net/main_2912419/29124199586.20211006130641.jpg', 'P068',
        NULL, NULL, b'1', b'0', 3, 11, b'0'),
       (69, 5, '불사지존 강화유리 필름 갤럭시노트20 (지문인식X), 2매입',
        'https://shopping-phinf.pstatic.net/main_8901558/89015583310.jpg', 'P069', NULL, '액정보호필름',
        b'1', b'0', 3, 5, b'0'),
       (70, 6, '시안샵 변색없는 카드 범퍼 케이스 투명, 아이폰14',
        'https://shopping-phinf.pstatic.net/main_8903279/89032791893.jpg', 'P070', NULL, '아이폰 케이스',
        b'1', b'0', 3, 15, b'0'),
       (71, 7, '삼성 정품 AI 슬림 키보드 북커버 케이스 블랙, 갤럭시 탭 S9 FE 플러스',
        'https://shopping-phinf.pstatic.net/main_8888611/88886114107.jpg', 'P071', NULL, NULL,
        b'1', b'0', 3, 6, b'0'),
       (72, 8, '삼성전자 비스포크 AI콤보 에센셜 화이트 세탁기 건조기 일체형 삼성 AI구독',
        'https://shopping-phinf.pstatic.net/main_8791075/87910759564.109.jpg', 'P072', NULL,
        '드럼세탁기', b'1', b'0', 3, 1, b'0'),
       (73, 9, '삼성전자 삼성 갤럭시 핏3 SM-R390N',
        'https://shopping-phinf.pstatic.net/main_4683155/46831553621.20240403112809.jpg', 'P073',
        NULL, NULL, b'1', b'0', 3, 1, b'0'),
       (74, 1, '닌텐도 스위치 OLED',
        'https://shopping-phinf.pstatic.net/main_2921634/29216340620.20211013121846.jpg', 'P074',
        NULL, NULL, b'1', b'0', 3, 78, b'0'),
       (75, 2, 'LG전자 MW23GD',
        'https://shopping-phinf.pstatic.net/main_1060273/10602735096.20170320175334.jpg', 'P075',
        NULL, NULL, b'1', b'0', 3, 15, b'0'),
       (76, 3, '로랜텍 L자형 100W 5A C to C PD 초고속충전 케이블',
        'https://shopping-phinf.pstatic.net/main_4442690/44426906619.20250217165421.jpg', 'P076',
        NULL, NULL, b'1', b'0', 3, 9, b'0'),
       (77, 4, 'LG전자 LG그램 15ZD90S-GX56K 16GB, 256GB',
        'https://shopping-phinf.pstatic.net/main_5263163/52631635408.20250123175706.jpg', 'P077',
        NULL, NULL, b'1', b'0', 3, 42, b'0'),
       (78, 5, '캐논 셀피 CP1500',
        'https://shopping-phinf.pstatic.net/main_3522680/35226802618.20221014114522.jpg', 'P078',
        NULL, '포토프린터', b'1', b'0', 3, 15, b'0'),
       (79, 6, '슈피겐 갤럭시 맥세이프 케이스 울트라하이브리드맥핏 제로원 블랙, 갤럭시S24',
        'https://shopping-phinf.pstatic.net/main_8737177/87371772293.2.jpg', 'P079', NULL,
        '갤럭시 케이스', b'1', b'0', 3, 5, b'0'),
       (80, 7, '에이피알 메디큐브 에이지알 부스터 프로',
        'https://shopping-phinf.pstatic.net/main_4565253/45652531633.20250213131142.jpg', 'P080',
        NULL, NULL, b'1', b'0', 3, 15, b'0'),
       (81, 8, '레노버 Legion Tab Y700 3세대 (256GB)',
        'https://shopping-phinf.pstatic.net/main_5242239/52422398621.20250114102718.jpg', 'P081',
        NULL, NULL, b'1', b'0', 3, 27, b'0'),
       (82, 9, '로지텍 K380',
        'https://shopping-phinf.pstatic.net/main_8974763/8974763652.20221116165947.jpg', 'P082',
        NULL, '무선키보드', b'1', b'0', 3, 15, b'0'),
       (83, 1, '다이슨 에어랩 i.d. 멀티 스타일러 앤 드라이어 빈카블루 토파즈',
        'https://shopping-phinf.pstatic.net/main_5234145/52341450620.20250108170801.jpg', 'P083',
        NULL, '에어브러시', b'1', b'0', 3, 14, b'0'),
       (84, 2, '폰트리 힐링쉴드 슈페리어 AR 고화질 액정보호필름 아이폰16e, 1매입',
        'https://shopping-phinf.pstatic.net/main_5319004/53190043117.20250224122649.jpg', 'P084',
        NULL, '액정보호필름', b'1', b'0', 3, 13, b'0'),
       (85, 3, '엡손 L6290 정품무한잉크',
        'https://shopping-phinf.pstatic.net/main_2952431/29524315619.20211104160523.jpg', 'P085',
        NULL, '잉크젯복합기', b'1', b'0', 3, 15, b'0'),
       (86, 4, '삼성전자 갤럭시탭 S9 WiFi전용, 128GB, 그라파이트',
        'https://shopping-phinf.pstatic.net/main_5300037/53000374082.20250214144659.jpg', 'P086',
        NULL, NULL, b'1', b'0', 3, 3, b'0'),
       (87, 5, '신일 무선 핸디 청소기 가벼운 저렴한 소형 미니 원룸 핸드 차량용',
        'https://shopping-phinf.pstatic.net/main_8573852/85738529116.8.jpg', 'P087', NULL,
        '핸디스틱청소기', b'1', b'0', 3, 21, b'0'),
       (88, 6, '에디파이어 MR4',
        'https://shopping-phinf.pstatic.net/main_3042786/30427866621.20220824170456.jpg', 'P088',
        NULL, '스피커단품', b'1', b'0', 3, 15, b'0'),
       (89, 7, '조립PC 게이밍컴퓨터 고사양 게임용 데스크탑 게이밍PC 팰월드 발로란트 배그 롤 본체00',
        'https://shopping-phinf.pstatic.net/main_1197617/11976178121.34.jpg', 'P089', NULL, NULL,
        b'1', b'0', 3, 5, b'0'),
       (90, 8, '갤럭시 맥세이프 케이스 범퍼 듀플M 클리어, 갤럭시S25 플러스',
        'https://shopping-phinf.pstatic.net/main_8890078/88900782678.1.jpg', 'P090', NULL,
        '갤럭시 케이스', b'1', b'0', 3, 19, b'0'),
       (91, 9, 'SIEK 플레이스테이션 플레이스테이션5 슬림 디지털 에디션',
        'https://shopping-phinf.pstatic.net/main_4477888/44778882618.20231220150930.jpg', 'P091',
        NULL, NULL, b'1', b'0', 3, 33, b'0'),
       (92, 1, 'LG전자 2024 LED FHD 스탠바이미 68cm (27ART10CMPL)',
        'https://shopping-phinf.pstatic.net/main_4786597/47865974618.20240521000426.jpg', 'P092',
        NULL, 'LEDTV', b'1', b'0', 3, 15, b'0'),
       (93, 2, '제로스킨 ENSX3 풀커버 액정보호필름 갤럭시S25 울트라, 3매입',
        'https://shopping-phinf.pstatic.net/main_5309055/53090552160.20250219085055.jpg', 'P093',
        NULL, '액정보호필름', b'1', b'0', 3, 31, b'0'),
       (94, 3, '삼성전자 갤럭시 S25 플러스 5G 512GB [자급제]',
        'https://shopping-phinf.pstatic.net/main_5262874/52628744198.20250220111438.jpg', 'P094',
        NULL, NULL, b'1', b'0', 3, 19, b'0'),
       (95, 4, '삼성전자 비스포크제트 220W VS20B956AX',
        'https://shopping-phinf.pstatic.net/main_3099081/30990816618.20220218130207.jpg', 'P095',
        NULL, '핸디스틱청소기', b'1', b'0', 3, 5, b'0'),
       (96, 5, '삼성전자 갤럭시탭 A9 플러스 SM-X210N WIFI 64GB',
        'https://shopping-phinf.pstatic.net/main_4378260/43782607618.20231102190357.jpg', 'P096',
        NULL, NULL, b'1', b'0', 3, 11, b'0'),
       (97, 6, '소니 A5100',
        'https://shopping-phinf.pstatic.net/main_7906306/7906306072.20150119110624.jpg', 'P097',
        NULL, NULL, b'1', b'0', 3, 15, b'0'),
       (98, 7, '아이폰 16 프로 맥스 256GB [자급제]',
        'https://shopping-phinf.pstatic.net/main_5023819/50238193622.20240910110511.jpg', 'P098',
        NULL, NULL, b'1', b'0', 3, 20, b'0'),
       (99, 8, '로지텍 MK295 Silent',
        'https://shopping-phinf.pstatic.net/main_2445629/24456290522.20201029123627.jpg', 'P099',
        NULL, NULL, b'1', b'0', 3, 21, b'0'),
       (100, 9, '다이슨 에어스트레이트 스트레이트너 세라믹핑크 로즈골드',
        'https://shopping-phinf.pstatic.net/main_5280075/52800758894.20250204172804.jpg', 'P100',
        NULL, '고데기/매직기', b'1', b'0', 3, 0, b'0');

-- ProductItem
INSERT INTO tutti_dev.product_items (product_id, original_price, selling_price, option_name,
                                     option_value, sold_out, delete_status)
VALUES
    -- [옵션 하나로 관리] - 색상별 재고 (방탄 범퍼 젤리케이스 1+1 투명, 갤럭시S25 플러스)
    (1, 15000, 12000, '색상', '투명', 0, b'0'),
    (1, 16000, 13000, '색상', '블랙', 0, b'0'),
    (1, 16000, 13000, '색상', '화이트', 1, b'0'),

    -- [옵션 하나로 관리] - 색상별 재고 (변색없는 카드 수납 2장 케이스 투명, 갤럭시S25 울트라)
    (2, 20000, 18000, '색상', '투명', 0, b'0'),
    (2, 21000, 19000, '색상', '블랙', 1, b'0'),
    (2, 21000, 19000, '색상', '핑크', 0, b'0'),

    -- [옵션 하나로 관리] - 색상별 재고 (풀커버 방탄 범퍼 케이스, 갤럭시S25 울트라)
    (3, 25000, 22000, '색상', '블랙', 0, b'0'),
    (3, 25000, 22000, '색상', '화이트', 1, b'0'),
    (3, 26000, 23000, '색상', '블루', 0, b'0'),

    -- [옵션 두 개로 관리] - 색상 + 기종 조합 (케이스 카드 2장 포켓 수납, 갤럭시S25 플러스)
    (4, 18000, 15000, '색상, 기종', '라벤더, 갤럭시S25 플러스', 0, b'0'),
    (4, 18000, 15000, '색상, 기종', '핑크, 갤럭시S25 플러스', 0, b'0'),
    (4, 19000, 16000, '색상, 기종', '민트, 갤럭시S25 울트라', 1, b'0'),
    (4, 19000, 16000, '색상, 기종', '블랙, 갤럭시S25 울트라', 0, b'0'),

    -- [옵션 두 개로 관리] - 색상 + 기종 조합 (풀커버 강화유리 액정보호필름, 아이폰16 시리즈)
    (5, 12000, 10000, '수량, 기종', '1매입, 아이폰 16', 0, b'0'),
    (5, 20000, 18000, '수량, 기종', '2매입, 아이폰 16 PRO', 0, b'0'),
    (5, 28000, 25000, '수량, 기종', '3매입, 아이폰 16 PRO MAX', 1, b'0'),
    (6, 19100, 16900, '수량', '3개', 1, b'0'),
    (7, 45800, 40900, '색상', '옐로우', 1, b'0'),
    (8, 29000, 26300, '타입', '프리미엄', 0, b'0'),
    (9, 20300, 16700, '타입', '기본형', 0, b'0'),
    (10, 35400, 33200, '모델', '갤럭시 S25', 1, b'0'),
    (11, 47400, 42500, '타입', '기본형', 1, b'0'),
    (12, 37000, 35500, '사이즈', 'L', 0, b'0'),
    (13, 44300, 41600, '수량', '3개', 1, b'0'),
    (14, 27700, 22800, '타입', '울트라', 0, b'0'),
    (15, 17800, 16500, '타입', '기본형', 1, b'0'),
    (16, 45400, 42100, '색상', '블루', 0, b'0'),
    (17, 31600, 27900, '색상', '레드', 1, b'0'),
    (18, 26000, 21300, '사이즈', 'M', 0, b'0'),
    (19, 36200, 31600, '모델', '갤럭시 S25', 1, b'0'),
    (20, 24700, 20300, '타입', '울트라', 1, b'0'),
    (21, 18500, 14500, '타입', '기본형', 0, b'0'),
    (22, 40000, 36000, '색상', '옐로우', 1, b'0'),
    (23, 24100, 21400, '색상', '퍼플', 0, b'0'),
    (24, 14700, 10600, '색상', '블랙', 1, b'0'),
    (25, 24400, 22800, '모델', '픽셀 8', 0, b'0'),
    (26, 21600, 19800, '수량', '1개', 1, b'0'),
    (27, 19600, 17400, '수량', '4개', 1, b'0'),
    (28, 10000, 6000, '수량', '3개', 1, b'0'),
    (29, 36200, 34900, '타입', '프리미엄', 0, b'0'),
    (30, 36000, 32900, '사이즈', 'XXL', 1, b'0'),
    (31, 40200, 36500, '사이즈', 'XXL', 0, b'0'),
    (32, 32600, 28800, '수량', '3개', 0, b'0'),
    (33, 37800, 34000, '색상', '블랙', 1, b'0'),
    (34, 20600, 18300, '사이즈', 'M', 1, b'0'),
    (35, 26000, 21700, '모델', '아이폰 16', 1, b'0'),
    (36, 31600, 28000, '수량', '4개', 1, b'0'),
    (37, 40900, 38900, '타입', '프리미엄', 0, b'0'),
    (38, 36900, 34000, '타입', '울트라', 1, b'0'),
    (39, 43400, 40600, '색상', '블랙', 0, b'0'),
    (40, 11700, 8000, '수량', '4개', 0, b'0'),
    (41, 24000, 22400, '색상', '블루', 1, b'0'),
    (42, 23700, 19800, '타입', '기본형', 1, b'0'),
    (43, 10200, 7600, '색상', '블루', 0, b'0'),
    (44, 31700, 28700, '사이즈', 'S', 0, b'0'),
    (45, 31900, 27600, '타입', '기본형', 0, b'0'),
    (46, 17300, 12500, '모델', '아이폰 16', 1, b'0'),
    (47, 38600, 37200, '사이즈', 'XL', 0, b'0'),
    (48, 10600, 8900, '색상', '블랙', 1, b'0'),
    (49, 12100, 10700, '모델', '샤오미 14', 0, b'0'),
    (50, 17800, 16200, '색상', '그린', 0, b'0'),
    (51, 14700, 11800, '모델', '샤오미 14', 0, b'0'),
    (52, 26700, 24600, '사이즈', 'S', 0, b'0'),
    (53, 35600, 31700, '수량', '4개', 1, b'0'),
    (54, 39700, 38200, '타입', '울트라', 1, b'0'),
    (55, 43100, 38100, '사이즈', 'M', 1, b'0'),
    (56, 20100, 15200, '수량', '4개', 0, b'0'),
    (57, 25700, 21300, '색상', '옐로우', 0, b'0'),
    (58, 12800, 10200, '수량', '1개', 1, b'0'),
    (59, 44700, 42100, '타입', '울트라', 0, b'0'),
    (60, 37100, 33300, '수량', '2개', 0, b'0'),
    (61, 39100, 35400, '모델', '갤럭시 S25', 0, b'0'),
    (62, 21900, 20800, '모델', '아이폰 16', 1, b'0'),
    (63, 38300, 34900, '수량', '3개', 0, b'0'),
    (64, 26700, 21700, '사이즈', 'XL', 0, b'0'),
    (65, 13800, 12200, '수량', '3개', 0, b'0'),
    (66, 30400, 28300, '모델', '샤오미 14', 1, b'0'),
    (67, 36400, 32200, '사이즈', 'XL', 1, b'0'),
    (68, 39300, 37300, '사이즈', 'XL', 0, b'0'),
    (69, 22600, 20700, '색상', '블루', 1, b'0'),
    (70, 49300, 45300, '사이즈', 'L', 0, b'0'),
    (71, 15300, 12600, '색상', '블루', 0, b'0'),
    (72, 31400, 28400, '모델', '픽셀 8', 1, b'0'),
    (73, 38300, 37200, '수량', '2개', 1, b'0'),
    (74, 30100, 27500, '모델', '샤오미 14', 0, b'0'),
    (75, 12800, 8300, '타입', '기본형', 0, b'0'),
    (76, 35600, 30900, '모델', '샤오미 14', 0, b'0'),
    (77, 47000, 45700, '모델', '갤럭시 S25', 0, b'0'),
    (78, 41200, 38700, '타입', '기본형', 0, b'0'),
    (79, 39700, 36500, '모델', '갤럭시 S25', 0, b'0'),
    (80, 32500, 27900, '사이즈', 'XXL', 0, b'0'),
    (81, 11200, 6200, '색상', '그린', 1, b'0'),
    (82, 49600, 47500, '사이즈', 'M', 1, b'0'),
    (83, 32000, 29700, '수량', '4개', 1, b'0'),
    (84, 30900, 28900, '사이즈', 'S', 1, b'0'),
    (85, 17000, 15100, '수량', '4개', 1, b'0'),
    (86, 38900, 36700, '색상', '블랙', 0, b'0'),
    (87, 12000, 9400, '타입', '프리미엄', 0, b'0'),
    (88, 25100, 21100, '모델', '샤오미 14', 0, b'0'),
    (89, 33400, 29600, '수량', '3개', 0, b'0'),
    (90, 24500, 20300, '타입', '울트라', 0, b'0'),
    (91, 47000, 43000, '수량', '1개', 1, b'0'),
    (92, 42300, 38700, '모델', '아이폰 16', 0, b'0'),
    (93, 42300, 40600, '타입', '기본형', 0, b'0'),
    (94, 37100, 34100, '수량', '1개', 0, b'0'),
    (95, 41600, 40100, '사이즈', 'S', 1, b'0'),
    (96, 38700, 34400, '색상', '그린', 1, b'0'),
    (97, 33200, 30400, '사이즈', 'S', 0, b'0'),
    (98, 37900, 34100, '사이즈', 'M', 0, b'0'),
    (99, 34100, 31900, '색상', '화이트', 1, b'0'),
    (100, 36500, 31700, '색상', '레드', 0, b'0');
-- ProductCategory
-- 최상위 분류만 존재
INSERT INTO tutti_dev.product_categories (sort_order, parent_id, name)
VALUES (1, NULL, '의류'),
       (2, NULL, '식료품'),
       (3, NULL, '생필품'),
       (4, NULL, '디지털'),
       (5, NULL, '화장품');

-- ProductCategoryMap
INSERT INTO tutti_dev.product_category_maps (delete_status, category_id, product_id)
VALUES (0, 4, 1),
       (0, 4, 2),
       (0, 4, 3),
       (0, 4, 4),
       (0, 4, 5),
       (0, 4, 6),
       (0, 4, 7),
       (0, 4, 8),
       (0, 4, 9),
       (0, 4, 10),
       (0, 4, 11),
       (0, 4, 12),
       (0, 4, 13),
       (0, 4, 14),
       (0, 4, 15),
       (0, 4, 16),
       (0, 4, 17),
       (0, 4, 18),
       (0, 4, 19),
       (0, 4, 20),
       (0, 4, 21),
       (0, 4, 22),
       (0, 4, 23),
       (0, 4, 24),
       (0, 4, 25),
       (0, 4, 26),
       (0, 4, 27),
       (0, 4, 28),
       (0, 4, 29),
       (0, 4, 30),
       (0, 4, 31),
       (0, 4, 32),
       (0, 4, 33),
       (0, 4, 34),
       (0, 4, 35),
       (0, 4, 36),
       (0, 4, 37),
       (0, 4, 38),
       (0, 4, 39),
       (0, 4, 40),
       (0, 4, 41),
       (0, 4, 42),
       (0, 4, 43),
       (0, 4, 44),
       (0, 4, 45),
       (0, 4, 46),
       (0, 4, 47),
       (0, 4, 48),
       (0, 4, 49),
       (0, 4, 50),
       (0, 4, 51),
       (0, 4, 52),
       (0, 4, 53),
       (0, 4, 54),
       (0, 4, 55),
       (0, 4, 56),
       (0, 4, 57),
       (0, 4, 58),
       (0, 4, 59),
       (0, 4, 60),
       (0, 4, 61),
       (0, 4, 62),
       (0, 4, 63),
       (0, 4, 64),
       (0, 4, 65),
       (0, 4, 66),
       (0, 4, 67),
       (0, 4, 68),
       (0, 4, 69),
       (0, 4, 70),
       (0, 4, 71),
       (0, 4, 72),
       (0, 4, 73),
       (0, 4, 74),
       (0, 4, 75),
       (0, 4, 76),
       (0, 4, 77),
       (0, 4, 78),
       (0, 4, 79),
       (0, 4, 80),
       (0, 4, 81),
       (0, 4, 82),
       (0, 4, 83),
       (0, 4, 84),
       (0, 4, 85),
       (0, 4, 86),
       (0, 4, 87),
       (0, 4, 88),
       (0, 4, 89),
       (0, 4, 90),
       (0, 4, 91),
       (0, 4, 92),
       (0, 4, 93),
       (0, 4, 94),
       (0, 4, 95),
       (0, 4, 96),
       (0, 4, 97),
       (0, 4, 98),
       (0, 4, 99),
       (0, 4, 100);
-- 생필품 → 풀커버 강화유리 액정보호필름 (보호필름을 생필품으로도 분류)

-- Store
INSERT INTO stores (name, email, password, phone, store_status, latest_login_date, created_at,
                    updated_at, delete_status)
VALUES ('Store A', 'storeA@example.com', 'password123', '010-1234-5678', 'ACTIVE',
        '2025-03-16 12:00:00', NOW(), NULL, b'0'),
       ('Store B', 'storeB@example.com', 'password123', '010-2345-6789', 'ACTIVE',
        '2025-03-15 14:30:00', NOW(), NULL, b'0'),
       ('Store C', 'storeC@example.com', 'password123', '010-3456-7890', 'ACTIVE',
        '2025-03-14 16:45:00', NOW(), NULL, b'0'),
       ('Store D', 'storeD@example.com', 'password123', '010-4567-8901', 'ACTIVE',
        '2025-03-13 18:20:00', NOW(), NULL, b'0'),
       ('Store E', 'storeE@example.com', 'password123', '010-5678-9012', 'ACTIVE',
        '2025-03-12 20:10:00', NOW(), NULL, b'0'),
       ('Store F', 'storeF@example.com', 'password123', '010-6789-0123', 'INACTIVE',
        '2025-03-11 10:05:00', NOW(), NULL, b'0'),
       ('Store G', 'storeG@example.com', 'password123', '010-7890-1234', 'ACTIVE',
        '2025-03-10 08:55:00', NOW(), NULL, b'0'),
       ('Store H', 'storeH@example.com', 'password123', '010-8901-2345', 'BLOCKED',
        '2025-03-09 07:40:00', NOW(), NULL, b'0'),
       ('Store I', 'storeI@example.com', 'password123', '010-9012-3456', 'ACTIVE',
        '2025-03-08 06:30:00', NOW(), NULL, b'0'),
       ('Store J', 'storeJ@example.com', 'password123', '010-0123-4567', 'SLEEP',
        '2025-03-07 05:15:00', NOW(), NULL, b'0');
